group,icon,op_code,vote_score
1,hot_sale,991416,22090
1,hot_sale,982849,22090
1,hot_sale,581624,22090
1,hot_sale,991402,22090
1,hot_sale,5802,22090
1,hot_sale,993862,22090
1,hot_sale,994200,22090
1,hot_sale,987984,22090
1,hot_sale,992829,22090
1,hot_sale,992261,22090
1,hot_sale,988682,22090
1,hot_sale,991408,22090
1,hot_sale,1134,22090
1,hot_sale,991880,22090
1,hot_sale,991392,22090
1,hot_sale,993958,22090
1,hot_sale,991695,22090
1,hot_sale,992859,22090
1,hot_sale,983952,22090
1,hot_sale,984197,22090
1,hot_sale,993484,22090
1,hot_sale,992846,22090
1,hot_sale,991742,22090
1,hot_sale,734529,22090
1,hot_sale,993335,22090
1,hot_sale,992598,22089
1,hot_sale,994629,22089
1,hot_sale,983885,22089
1,hot_sale,992832,22089
1,hot_sale,982223,22089
1,hot_sale,993704,22089
1,hot_sale,992863,22089
1,hot_sale,993750,22088
1,hot_sale,993646,22088
1,hot_sale,5801,22087
1,hot_sale,983253,22087
1,hot_sale,994161,22085
1,hot_sale,981645,22080
1,hot_sale,985929,22080
1,hot_sale,992850,22078
1,hot_sale,993954,21977
1,hot_sale,993330,21966
1,hot_sale,627008,21743
1,hot_sale,994060,21447
1,hot_sale,994199,19904
1,hot_sale,989695,19631
1,hot_sale,991898,18867
1,hot_sale,981648,17905
1,hot_sale,992600,17148
1,hot_sale,983389,17134
1,new_prod,994181,22090
1,new_prod,994095,22090
1,new_prod,994184,22090
1,new_prod,994182,22090
1,new_prod,982016,22090
1,new_prod,994183,22090
1,new_prod,994185,22090
1,new_prod,994186,22090
1,new_prod,994100,22090
1,new_prod,994508,22090
1,new_prod,994076,22090
1,new_prod,994546,22090
1,new_prod,994547,22090
1,new_prod,994545,22090
1,new_prod,993969,22090
1,new_prod,994654,22090
1,new_prod,992634,22090
1,new_prod,993967,22090
1,new_prod,994653,22090
1,new_prod,994536,22090
1,new_prod,994167,22090
1,new_prod,994166,22090
1,new_prod,993968,22090
1,new_prod,994652,22090
1,new_prod,994443,22090
1,new_prod,994442,22090
1,new_prod,994444,22090
1,new_prod,994099,22090
1,new_prod,994354,22090
1,new_prod,994168,22090
1,new_prod,994169,22090
1,new_prod,994165,22090
1,new_prod,994170,22090
1,new_prod,994316,22090
1,new_prod,994393,22090
1,new_prod,994392,22090
1,new_prod,994163,22090
1,new_prod,952560,22090
1,new_prod,993953,22090
1,serum,581624,22090
1,serum,985699,22090
1,serum,981965,22090
1,serum,983776,22090
1,serum,464002,22090
1,serum,991405,22090
1,serum,988081,22090
1,serum,991392,22090
1,serum,938014,22090
1,serum,581625,22090
1,serum,988600,22090
1,serum,905075,22090
1,serum,545524,22090
1,serum,982890,22090
1,serum,896120,22090
1,serum,962387,22090
1,serum,985790,22090
1,serum,991154,22090
1,serum,986715,22090
1,serum,6624,22090
1,serum,994284,22090
1,serum,992120,22090
1,serum,985254,22090
1,serum,845550,22090
1,serum,981987,22090
1,serum,986905,22090
1,serum,884516,22090
1,serum,105059,22090
1,serum,988590,22090
1,serum,984369,22090
1,serum,989317,22090
1,serum,985670,22090
1,serum,991183,22090
1,serum,981948,22090
1,serum,989677,22089
1,serum,993036,22086
1,serum,992901,22085
1,serum,962390,22085
1,serum,992942,22085
1,serum,724131,22085
1,serum,991307,22081
1,serum,986300,22080
1,serum,941502,22079
1,serum,883019,22063
1,serum,991231,21925
1,serum,157502,21092
1,serum,991943,20691
1,serum,952518,20592
1,serum,991599,20434
1,serum,538217,13986
1,facial_mask,992844,22090
1,facial_mask,5801,22090
1,facial_mask,986273,22090
1,facial_mask,984999,22090
1,facial_mask,549030,22090
1,facial_mask,987824,22090
1,facial_mask,991903,22090
1,facial_mask,5818,22090
1,facial_mask,986283,22090
1,facial_mask,5824,22090
1,facial_mask,979916,22090
1,facial_mask,357512,22090
1,facial_mask,3637,22090
1,facial_mask,971528,22090
1,facial_mask,905070,22090
1,facial_mask,988806,22090
1,facial_mask,959518,22090
1,facial_mask,985125,22090
1,facial_mask,986747,22090
1,facial_mask,521049,22090
1,facial_mask,985821,22090
1,facial_mask,983884,22090
1,facial_mask,990490,22090
1,facial_mask,984491,22090
1,facial_mask,905059,22090
1,facial_mask,988812,22090
1,facial_mask,316582,22090
1,facial_mask,878001,22090
1,facial_mask,975936,22090
1,facial_mask,990598,22090
1,facial_mask,830561,22090
1,facial_mask,293544,22090
1,facial_mask,639012,22090
1,facial_mask,381540,22089
1,facial_mask,990859,22089
1,facial_mask,988583,22089
1,facial_mask,992118,22089
1,facial_mask,982252,22088
1,facial_mask,155533,22088
1,facial_mask,991673,22087
1,facial_mask,982179,22084
1,facial_mask,719012,22081
1,facial_mask,986170,22079
1,facial_mask,982178,22077
1,facial_mask,991238,21968
1,facial_mask,845552,21915
1,facial_mask,7250,21301
1,facial_mask,986308,19603
1,facial_mask,988249,19176
1,facial_mask,990855,17906
1,lip_stick,994199,22090
1,lip_stick,983253,22090
1,lip_stick,993980,22090
1,lip_stick,994307,22090
1,lip_stick,981640,22090
1,lip_stick,983977,22090
1,lip_stick,985688,22090
1,lip_stick,988466,22090
1,lip_stick,6825,22090
1,lip_stick,983059,22090
1,lip_stick,983648,22090
1,lip_stick,981322,22090
1,lip_stick,354512,22090
1,lip_stick,778029,22090
1,lip_stick,988233,22090
1,lip_stick,991315,22090
1,lip_stick,983784,22090
1,lip_stick,989863,22090
1,lip_stick,982040,22090
1,lip_stick,741508,22090
1,lip_stick,983207,22089
1,lip_stick,992321,22089
1,lip_stick,990432,22089
1,lip_stick,956783,22089
1,lip_stick,988314,22089
1,lip_stick,983653,22089
1,lip_stick,991399,22089
1,lip_stick,989833,22088
1,lip_stick,988072,22088
1,lip_stick,993039,22087
1,lip_stick,994301,22085
1,lip_stick,982248,22085
1,lip_stick,985738,22072
1,lip_stick,991400,22066
1,lip_stick,981650,21976
1,lip_stick,994040,21959
1,lip_stick,993754,21915
1,lip_stick,3651,21833
1,lip_stick,987022,21819
1,lip_stick,3420,21814
1,lip_stick,984326,21811
1,lip_stick,987775,20915
1,lip_stick,502012,20655
1,lip_stick,994039,20458
1,lip_stick,987845,18304
1,lip_stick,223002,18145
1,lip_stick,981323,17344
1,lip_stick,982034,16881
1,lip_stick,905545,14625
1,lip_stick,994383,12216
1,fragrance,987759,22090
1,fragrance,988682,22090
1,fragrance,1919,22090
1,fragrance,984102,22090
1,fragrance,990669,22090
1,fragrance,993190,22090
1,fragrance,1134,22090
1,fragrance,984079,22090
1,fragrance,981711,22090
1,fragrance,981707,22090
1,fragrance,956566,22090
1,fragrance,982203,22090
1,fragrance,905033,22090
1,fragrance,6641,22090
1,fragrance,992597,22090
1,fragrance,987758,22090
1,fragrance,992621,22090
1,fragrance,992846,22090
1,fragrance,545522,22089
1,fragrance,991468,22089
1,fragrance,983952,22089
1,fragrance,991136,22089
1,fragrance,993329,22089
1,fragrance,982209,22089
1,fragrance,992765,22089
1,fragrance,988426,22088
1,fragrance,987756,22087
1,fragrance,991062,22086
1,fragrance,989603,22086
1,fragrance,969517,22085
1,fragrance,984078,22080
1,fragrance,3900,22066
1,fragrance,485504,22063
1,fragrance,1841,22062
1,fragrance,982161,22054
1,fragrance,985034,22030
1,fragrance,990666,22026
1,fragrance,991951,21861
1,fragrance,987617,21852
1,fragrance,521059,21766
1,fragrance,962145,21272
1,fragrance,983217,20059
1,fragrance,988655,20038
1,fragrance,992598,19570
1,fragrance,819154,18814
1,fragrance,991061,15784
1,fragrance,988657,15131
1,fragrance,989619,14429
1,fragrance,984082,12125
1,fragrance,986709,10938
2,hot_sale,991416,59439
2,hot_sale,982849,59439
2,hot_sale,581624,59439
2,hot_sale,987984,59439
2,hot_sale,991402,59439
2,hot_sale,994200,59439
2,hot_sale,993862,59439
2,hot_sale,5802,59439
2,hot_sale,992829,59439
2,hot_sale,991408,59439
2,hot_sale,983952,59439
2,hot_sale,1134,59439
2,hot_sale,988682,59438
2,hot_sale,991880,59438
2,hot_sale,992261,59438
2,hot_sale,992832,59438
2,hot_sale,991695,59437
2,hot_sale,991392,59437
2,hot_sale,992859,59436
2,hot_sale,993646,59436
2,hot_sale,991742,59435
2,hot_sale,983885,59434
2,hot_sale,992863,59432
2,hot_sale,984197,59432
2,hot_sale,992846,59431
2,hot_sale,993750,59431
2,hot_sale,994629,59430
2,hot_sale,993335,59430
2,hot_sale,993958,59428
2,hot_sale,993704,59426
2,hot_sale,992850,59424
2,hot_sale,734529,59423
2,hot_sale,5801,59413
2,hot_sale,994161,59398
2,hot_sale,983253,59396
2,hot_sale,992598,59388
2,hot_sale,993330,59141
2,hot_sale,993484,59074
2,hot_sale,994060,58916
2,hot_sale,993954,58798
2,hot_sale,989695,58640
2,hot_sale,991898,58291
2,hot_sale,981645,58023
2,hot_sale,985929,57977
2,hot_sale,994199,55654
2,hot_sale,983389,54389
2,hot_sale,993747,41922
2,hot_sale,994059,35991
2,hot_sale,994307,35471
2,hot_sale,992600,29993
2,new_prod,994181,59439
2,new_prod,994095,59439
2,new_prod,982016,59439
2,new_prod,994183,59439
2,new_prod,994185,59439
2,new_prod,994186,59439
2,new_prod,994184,59439
2,new_prod,994182,59439
2,new_prod,994100,59439
2,new_prod,994076,59439
2,new_prod,994546,59439
2,new_prod,994547,59439
2,new_prod,994545,59439
2,new_prod,994508,59439
2,new_prod,992634,59439
2,new_prod,993969,59439
2,new_prod,994654,59439
2,new_prod,994653,59439
2,new_prod,994536,59439
2,new_prod,993967,59439
2,new_prod,994652,59439
2,new_prod,993968,59439
2,new_prod,994167,59439
2,new_prod,994166,59439
2,new_prod,994443,59439
2,new_prod,994442,59439
2,new_prod,994444,59439
2,new_prod,994168,59439
2,new_prod,994099,59439
2,new_prod,994165,59439
2,new_prod,994169,59439
2,new_prod,994170,59439
2,new_prod,994354,59439
2,new_prod,994316,59439
2,new_prod,994163,59439
2,new_prod,994393,59439
2,new_prod,994392,59439
2,new_prod,952560,59439
2,new_prod,993953,59439
2,serum,581624,59439
2,serum,985699,59439
2,serum,981965,59439
2,serum,983776,59439
2,serum,464002,59439
2,serum,988081,59439
2,serum,905075,59439
2,serum,938014,59439
2,serum,992120,59439
2,serum,986715,59439
2,serum,6624,59439
2,serum,991405,59438
2,serum,994284,59438
2,serum,985254,59438
2,serum,981987,59438
2,serum,545524,59437
2,serum,982890,59432
2,serum,991392,59431
2,serum,988600,59431
2,serum,985790,59431
2,serum,581625,59429
2,serum,962387,59429
2,serum,992942,59428
2,serum,896120,59425
2,serum,988590,59419
2,serum,992901,59410
2,serum,986905,59410
2,serum,884516,59401
2,serum,991307,59372
2,serum,986300,59371
2,serum,845550,59368
2,serum,991154,59336
2,serum,105059,59333
2,serum,724131,59244
2,serum,991183,59180
2,serum,989317,59177
2,serum,984369,59149
2,serum,989677,59055
2,serum,962390,58981
2,serum,981948,58965
2,serum,993036,58817
2,serum,941502,58606
2,serum,991599,57085
2,serum,991231,55772
2,serum,985670,53538
2,serum,883019,44045
2,serum,991943,35287
2,serum,986305,34026
2,serum,538217,31099
2,serum,952518,29561
2,facial_mask,992844,59439
2,facial_mask,984999,59439
2,facial_mask,987824,59439
2,facial_mask,986283,59439
2,facial_mask,991903,59439
2,facial_mask,971528,59439
2,facial_mask,5824,59439
2,facial_mask,357512,59439
2,facial_mask,988806,59439
2,facial_mask,986747,59439
2,facial_mask,990490,59439
2,facial_mask,985821,59439
2,facial_mask,959518,59439
2,facial_mask,316582,59439
2,facial_mask,5801,59438
2,facial_mask,979916,59437
2,facial_mask,549030,59437
2,facial_mask,905070,59437
2,facial_mask,3637,59437
2,facial_mask,985125,59437
2,facial_mask,992118,59437
2,facial_mask,5818,59436
2,facial_mask,986273,59434
2,facial_mask,983884,59431
2,facial_mask,984491,59431
2,facial_mask,830561,59431
2,facial_mask,521049,59428
2,facial_mask,878001,59426
2,facial_mask,975936,59421
2,facial_mask,905059,59420
2,facial_mask,990598,59420
2,facial_mask,990859,59418
2,facial_mask,988812,59415
2,facial_mask,639012,59412
2,facial_mask,155533,59400
2,facial_mask,988583,59397
2,facial_mask,982178,59374
2,facial_mask,982252,59371
2,facial_mask,381540,59317
2,facial_mask,986170,59298
2,facial_mask,982179,59294
2,facial_mask,991238,59293
2,facial_mask,293544,59195
2,facial_mask,719012,59006
2,facial_mask,845552,55547
2,facial_mask,991673,54211
2,facial_mask,7250,51803
2,facial_mask,983764,48687
2,facial_mask,988249,44671
2,facial_mask,986308,32450
2,lip_stick,994199,59439
2,lip_stick,983253,59439
2,lip_stick,994307,59439
2,lip_stick,983977,59439
2,lip_stick,981640,59438
2,lip_stick,983059,59437
2,lip_stick,6825,59434
2,lip_stick,741508,59431
2,lip_stick,991315,59431
2,lip_stick,988233,59429
2,lip_stick,988072,59427
2,lip_stick,989863,59423
2,lip_stick,993980,59418
2,lip_stick,988466,59415
2,lip_stick,985688,59411
2,lip_stick,994301,59409
2,lip_stick,983784,59407
2,lip_stick,983207,59399
2,lip_stick,989833,59399
2,lip_stick,956783,59382
2,lip_stick,982040,59348
2,lip_stick,983653,59321
2,lip_stick,985738,59208
2,lip_stick,994040,59162
2,lip_stick,983648,59113
2,lip_stick,981650,59062
2,lip_stick,981322,58982
2,lip_stick,988314,58826
2,lip_stick,992321,58718
2,lip_stick,778029,58713
2,lip_stick,990432,58358
2,lip_stick,993039,58257
2,lip_stick,354512,58252
2,lip_stick,991399,58174
2,lip_stick,984326,57576
2,lip_stick,991400,57208
2,lip_stick,994039,57069
2,lip_stick,993754,54979
2,lip_stick,982248,50933
2,lip_stick,750040,45731
2,lip_stick,3420,45088
2,lip_stick,981289,42566
2,lip_stick,223002,39783
2,lip_stick,3651,39579
2,lip_stick,981323,35823
2,lip_stick,994383,33961
2,lip_stick,993985,33685
2,lip_stick,987845,32705
2,lip_stick,987022,32172
2,lip_stick,981641,31796
2,fragrance,987759,59439
2,fragrance,984102,59439
2,fragrance,987758,59439
2,fragrance,956566,59438
2,fragrance,988682,59438
2,fragrance,905033,59438
2,fragrance,990669,59438
2,fragrance,981711,59437
2,fragrance,6641,59437
2,fragrance,993190,59436
2,fragrance,991062,59436
2,fragrance,545522,59427
2,fragrance,988426,59416
2,fragrance,969517,59412
2,fragrance,991136,59393
2,fragrance,991468,59386
2,fragrance,981707,59356
2,fragrance,984079,59342
2,fragrance,982203,59209
2,fragrance,1919,59205
2,fragrance,987617,59115
2,fragrance,485504,58783
2,fragrance,989603,58744
2,fragrance,3900,58704
2,fragrance,987756,58585
2,fragrance,1134,58583
2,fragrance,982161,58045
2,fragrance,992621,57719
2,fragrance,985034,57408
2,fragrance,991951,57099
2,fragrance,992765,53904
2,fragrance,984078,53414
2,fragrance,992597,52650
2,fragrance,983952,51928
2,fragrance,990666,51089
2,fragrance,983217,50891
2,fragrance,989764,47641
2,fragrance,962145,47450
2,fragrance,986709,47207
2,fragrance,992846,45157
2,fragrance,819154,45143
2,fragrance,982209,44648
2,fragrance,991061,40958
2,fragrance,993329,36928
2,fragrance,993486,36223
2,fragrance,987748,34388
2,fragrance,969774,32906
2,fragrance,993187,32739
2,fragrance,969776,31484
2,fragrance,5027,30333
3,hot_sale,982849,7454
3,hot_sale,991416,7454
3,hot_sale,581624,7454
3,hot_sale,991402,7454
3,hot_sale,5802,7454
3,hot_sale,993862,7454
3,hot_sale,987984,7454
3,hot_sale,994200,7454
3,hot_sale,992829,7454
3,hot_sale,991408,7454
3,hot_sale,992261,7454
3,hot_sale,988682,7454
3,hot_sale,991880,7454
3,hot_sale,993958,7454
3,hot_sale,991392,7454
3,hot_sale,1134,7454
3,hot_sale,992859,7454
3,hot_sale,991695,7454
3,hot_sale,984197,7454
3,hot_sale,992846,7454
3,hot_sale,983952,7454
3,hot_sale,734529,7454
3,hot_sale,992832,7454
3,hot_sale,992598,7454
3,hot_sale,993335,7454
3,hot_sale,991742,7454
3,hot_sale,993750,7454
3,hot_sale,993646,7454
3,hot_sale,993484,7453
3,hot_sale,993704,7453
3,hot_sale,983885,7453
3,hot_sale,994629,7453
3,hot_sale,5801,7451
3,hot_sale,994161,7449
3,hot_sale,992863,7449
3,hot_sale,983253,7441
3,hot_sale,981645,7422
3,hot_sale,993954,7397
3,hot_sale,985929,7383
3,hot_sale,992850,7382
3,hot_sale,994060,6887
3,hot_sale,993330,6743
3,hot_sale,982223,6646
3,hot_sale,992600,6153
3,hot_sale,989695,5969
3,hot_sale,994199,5927
3,hot_sale,627008,5835
3,hot_sale,981648,5620
3,hot_sale,991898,5429
3,hot_sale,981640,4534
3,new_prod,994181,7454
3,new_prod,994184,7454
3,new_prod,982016,7454
3,new_prod,994095,7454
3,new_prod,994182,7454
3,new_prod,994183,7454
3,new_prod,994185,7454
3,new_prod,994186,7454
3,new_prod,994100,7454
3,new_prod,994546,7454
3,new_prod,994547,7454
3,new_prod,994545,7454
3,new_prod,994076,7454
3,new_prod,992634,7454
3,new_prod,994508,7454
3,new_prod,993969,7454
3,new_prod,994653,7454
3,new_prod,994536,7454
3,new_prod,994654,7454
3,new_prod,993967,7454
3,new_prod,993968,7454
3,new_prod,994167,7454
3,new_prod,994166,7454
3,new_prod,994652,7454
3,new_prod,994443,7454
3,new_prod,994442,7454
3,new_prod,994444,7454
3,new_prod,994168,7454
3,new_prod,994165,7454
3,new_prod,994169,7454
3,new_prod,994099,7454
3,new_prod,994170,7454
3,new_prod,994354,7454
3,new_prod,994316,7454
3,new_prod,994393,7454
3,new_prod,994163,7454
3,new_prod,952560,7454
3,new_prod,994392,7454
3,new_prod,993953,7454
3,serum,581624,7454
3,serum,985699,7454
3,serum,981965,7454
3,serum,983776,7454
3,serum,464002,7454
3,serum,988081,7454
3,serum,991392,7454
3,serum,991405,7454
3,serum,938014,7454
3,serum,905075,7454
3,serum,982890,7454
3,serum,988600,7454
3,serum,581625,7454
3,serum,896120,7454
3,serum,545524,7454
3,serum,991154,7454
3,serum,985790,7454
3,serum,962387,7454
3,serum,6624,7454
3,serum,986715,7454
3,serum,992120,7454
3,serum,845550,7454
3,serum,884516,7454
3,serum,981987,7454
3,serum,984369,7454
3,serum,988590,7454
3,serum,989317,7454
3,serum,985254,7454
3,serum,986905,7454
3,serum,994284,7453
3,serum,105059,7453
3,serum,991183,7451
3,serum,981948,7449
3,serum,989677,7448
3,serum,985670,7446
3,serum,993036,7436
3,serum,724131,7434
3,serum,992942,7434
3,serum,962390,7433
3,serum,992901,7429
3,serum,941502,7418
3,serum,991307,7367
3,serum,986300,7151
3,serum,883019,6991
3,serum,991231,6795
3,serum,538217,6733
3,serum,991943,6603
3,serum,991599,6334
3,serum,157502,6151
3,serum,952518,5444
3,facial_mask,992844,7454
3,facial_mask,5801,7454
3,facial_mask,549030,7454
3,facial_mask,987824,7454
3,facial_mask,984999,7454
3,facial_mask,979916,7454
3,facial_mask,991903,7454
3,facial_mask,986273,7454
3,facial_mask,5818,7454
3,facial_mask,971528,7454
3,facial_mask,357512,7454
3,facial_mask,905070,7454
3,facial_mask,5824,7454
3,facial_mask,988806,7454
3,facial_mask,3637,7454
3,facial_mask,983884,7454
3,facial_mask,990490,7454
3,facial_mask,984491,7454
3,facial_mask,985821,7454
3,facial_mask,986747,7454
3,facial_mask,521049,7454
3,facial_mask,985125,7454
3,facial_mask,959518,7454
3,facial_mask,988812,7454
3,facial_mask,975936,7454
3,facial_mask,905059,7454
3,facial_mask,316582,7454
3,facial_mask,830561,7454
3,facial_mask,878001,7454
3,facial_mask,990859,7454
3,facial_mask,982252,7454
3,facial_mask,988583,7454
3,facial_mask,155533,7454
3,facial_mask,990598,7454
3,facial_mask,992118,7454
3,facial_mask,293544,7454
3,facial_mask,986283,7453
3,facial_mask,381540,7453
3,facial_mask,982179,7453
3,facial_mask,639012,7450
3,facial_mask,982178,7439
3,facial_mask,986170,7439
3,facial_mask,991673,7435
3,facial_mask,719012,7434
3,facial_mask,845552,7399
3,facial_mask,991238,7052
3,facial_mask,7250,6765
3,facial_mask,988249,6327
3,facial_mask,990855,5290
3,facial_mask,986308,5107
3,lip_stick,983253,7454
3,lip_stick,994199,7454
3,lip_stick,981640,7454
3,lip_stick,994307,7454
3,lip_stick,983977,7454
3,lip_stick,993980,7454
3,lip_stick,983059,7454
3,lip_stick,6825,7454
3,lip_stick,983648,7454
3,lip_stick,778029,7454
3,lip_stick,354512,7454
3,lip_stick,983784,7454
3,lip_stick,988233,7454
3,lip_stick,988466,7454
3,lip_stick,991315,7454
3,lip_stick,989863,7454
3,lip_stick,981322,7454
3,lip_stick,989833,7454
3,lip_stick,983207,7454
3,lip_stick,956783,7453
3,lip_stick,992321,7453
3,lip_stick,985688,7452
3,lip_stick,741508,7452
3,lip_stick,982040,7452
3,lip_stick,993039,7452
3,lip_stick,988072,7452
3,lip_stick,994301,7451
3,lip_stick,983653,7451
3,lip_stick,990432,7451
3,lip_stick,985738,7448
3,lip_stick,988314,7448
3,lip_stick,991399,7447
3,lip_stick,991400,7432
3,lip_stick,3420,7400
3,lip_stick,994040,7399
3,lip_stick,982248,7373
3,lip_stick,984326,7336
3,lip_stick,981650,7326
3,lip_stick,3651,7218
3,lip_stick,993754,7160
3,lip_stick,981323,6989
3,lip_stick,994039,6550
3,lip_stick,987775,6187
3,lip_stick,502012,5850
3,lip_stick,987022,5802
3,lip_stick,987845,5631
3,lip_stick,982034,5527
3,lip_stick,994383,5483
3,lip_stick,981289,5037
3,lip_stick,485509,4938
3,fragrance,987759,7454
3,fragrance,1919,7454
3,fragrance,988682,7454
3,fragrance,990669,7454
3,fragrance,984102,7454
3,fragrance,1134,7454
3,fragrance,993190,7454
3,fragrance,982203,7454
3,fragrance,981711,7454
3,fragrance,545522,7454
3,fragrance,905033,7454
3,fragrance,956566,7454
3,fragrance,981707,7454
3,fragrance,984079,7454
3,fragrance,6641,7454
3,fragrance,992621,7454
3,fragrance,988426,7454
3,fragrance,992597,7454
3,fragrance,991136,7454
3,fragrance,987758,7454
3,fragrance,991468,7454
3,fragrance,989603,7454
3,fragrance,987756,7454
3,fragrance,982209,7453
3,fragrance,991062,7452
3,fragrance,969517,7452
3,fragrance,983952,7452
3,fragrance,992846,7451
3,fragrance,485504,7450
3,fragrance,992765,7443
3,fragrance,984078,7437
3,fragrance,982161,7432
3,fragrance,993329,7422
3,fragrance,985034,7389
3,fragrance,990666,7379
3,fragrance,987617,7359
3,fragrance,991951,7294
3,fragrance,3900,7286
3,fragrance,1841,7252
3,fragrance,521059,6970
3,fragrance,962145,6837
3,fragrance,986709,6258
3,fragrance,983217,6035
3,fragrance,988655,5703
3,fragrance,992598,5650
3,fragrance,989764,5367
3,fragrance,819154,4921
3,fragrance,991061,4156
3,fragrance,993486,4053
3,fragrance,993187,3709
4,hot_sale,991416,21165
4,hot_sale,982849,21165
4,hot_sale,581624,21165
4,hot_sale,994200,21165
4,hot_sale,991402,21165
4,hot_sale,5802,21165
4,hot_sale,993862,21165
4,hot_sale,987984,21165
4,hot_sale,991408,21165
4,hot_sale,992829,21165
4,hot_sale,993958,21165
4,hot_sale,988682,21165
4,hot_sale,991695,21165
4,hot_sale,984197,21165
4,hot_sale,1134,21165
4,hot_sale,992846,21165
4,hot_sale,992832,21165
4,hot_sale,993750,21165
4,hot_sale,993646,21165
4,hot_sale,992261,21164
4,hot_sale,993484,21164
4,hot_sale,992859,21164
4,hot_sale,993335,21164
4,hot_sale,983952,21164
4,hot_sale,991880,21163
4,hot_sale,991392,21163
4,hot_sale,992598,21162
4,hot_sale,992863,21158
4,hot_sale,991742,21157
4,hot_sale,994629,21156
4,hot_sale,734529,21154
4,hot_sale,993704,21153
4,hot_sale,983885,21147
4,hot_sale,5801,21144
4,hot_sale,994161,21089
4,hot_sale,983253,20876
4,hot_sale,981645,20821
4,hot_sale,993954,20754
4,hot_sale,985929,20680
4,hot_sale,993330,20178
4,hot_sale,994060,19768
4,hot_sale,982223,19392
4,hot_sale,992850,19219
4,hot_sale,627008,19125
4,hot_sale,989695,17814
4,hot_sale,981648,17565
4,hot_sale,991898,16487
4,hot_sale,981640,14164
4,hot_sale,994307,13989
4,hot_sale,994199,13197
4,new_prod,994181,21165
4,new_prod,994095,21165
4,new_prod,994183,21165
4,new_prod,994185,21165
4,new_prod,994186,21165
4,new_prod,994184,21165
4,new_prod,994182,21165
4,new_prod,982016,21165
4,new_prod,994100,21165
4,new_prod,994076,21165
4,new_prod,994508,21165
4,new_prod,994546,21165
4,new_prod,994547,21165
4,new_prod,994545,21165
4,new_prod,993969,21165
4,new_prod,994653,21165
4,new_prod,994536,21165
4,new_prod,994654,21165
4,new_prod,993967,21165
4,new_prod,992634,21165
4,new_prod,994167,21165
4,new_prod,994166,21165
4,new_prod,993968,21165
4,new_prod,994443,21165
4,new_prod,994442,21165
4,new_prod,994444,21165
4,new_prod,994652,21165
4,new_prod,994099,21165
4,new_prod,994168,21165
4,new_prod,994169,21165
4,new_prod,994165,21165
4,new_prod,994170,21165
4,new_prod,994354,21165
4,new_prod,994316,21165
4,new_prod,994163,21165
4,new_prod,994393,21165
4,new_prod,952560,21165
4,new_prod,994392,21165
4,new_prod,993953,21165
4,serum,581624,21165
4,serum,985699,21165
4,serum,981965,21165
4,serum,983776,21165
4,serum,464002,21165
4,serum,991405,21165
4,serum,991392,21165
4,serum,988081,21165
4,serum,905075,21165
4,serum,982890,21165
4,serum,581625,21165
4,serum,988600,21165
4,serum,938014,21165
4,serum,545524,21165
4,serum,896120,21165
4,serum,985790,21165
4,serum,962387,21165
4,serum,991154,21165
4,serum,6624,21165
4,serum,845550,21165
4,serum,986715,21165
4,serum,985254,21165
4,serum,981987,21165
4,serum,105059,21165
4,serum,986905,21165
4,serum,994284,21164
4,serum,884516,21164
4,serum,984369,21164
4,serum,985670,21164
4,serum,989317,21164
4,serum,988590,21163
4,serum,991183,21162
4,serum,989677,21162
4,serum,992120,21161
4,serum,993036,21161
4,serum,962390,21158
4,serum,992942,21158
4,serum,981948,21157
4,serum,724131,21155
4,serum,941502,21100
4,serum,992901,21073
4,serum,211508,20750
4,serum,538217,20323
4,serum,991943,19985
4,serum,157502,19685
4,serum,991307,19489
4,serum,883019,18357
4,serum,986300,18004
4,serum,333504,15088
4,serum,991231,14650
4,facial_mask,992844,21165
4,facial_mask,5801,21165
4,facial_mask,549030,21165
4,facial_mask,984999,21165
4,facial_mask,987824,21165
4,facial_mask,991903,21165
4,facial_mask,986273,21165
4,facial_mask,5818,21165
4,facial_mask,979916,21165
4,facial_mask,5824,21165
4,facial_mask,357512,21165
4,facial_mask,3637,21165
4,facial_mask,905070,21165
4,facial_mask,983884,21165
4,facial_mask,990490,21165
4,facial_mask,984491,21165
4,facial_mask,985821,21165
4,facial_mask,905059,21165
4,facial_mask,971528,21164
4,facial_mask,986283,21164
4,facial_mask,988806,21164
4,facial_mask,975936,21163
4,facial_mask,986747,21161
4,facial_mask,830561,21161
4,facial_mask,521049,21160
4,facial_mask,991673,21159
4,facial_mask,959518,21158
4,facial_mask,988812,21158
4,facial_mask,985125,21158
4,facial_mask,316582,21158
4,facial_mask,878001,21158
4,facial_mask,719012,21158
4,facial_mask,381540,21157
4,facial_mask,990598,21157
4,facial_mask,293544,21157
4,facial_mask,639012,21157
4,facial_mask,988583,21157
4,facial_mask,990859,21156
4,facial_mask,155533,21156
4,facial_mask,982252,21156
4,facial_mask,992118,21149
4,facial_mask,982179,21140
4,facial_mask,982178,21126
4,facial_mask,986170,21098
4,facial_mask,845552,20558
4,facial_mask,991238,20027
4,facial_mask,988249,18090
4,facial_mask,990855,17252
4,facial_mask,7250,17179
4,facial_mask,983764,16263
4,lip_stick,983253,21165
4,lip_stick,994199,21165
4,lip_stick,981640,21165
4,lip_stick,983977,21165
4,lip_stick,6825,21165
4,lip_stick,983648,21165
4,lip_stick,983059,21165
4,lip_stick,988466,21165
4,lip_stick,354512,21165
4,lip_stick,778029,21165
4,lip_stick,981322,21165
4,lip_stick,983784,21165
4,lip_stick,982040,21165
4,lip_stick,991315,21165
4,lip_stick,989863,21165
4,lip_stick,988233,21165
4,lip_stick,741508,21165
4,lip_stick,993980,21164
4,lip_stick,994307,21163
4,lip_stick,956783,21163
4,lip_stick,983207,21163
4,lip_stick,990432,21163
4,lip_stick,985688,21162
4,lip_stick,983653,21162
4,lip_stick,985738,21158
4,lip_stick,993039,21156
4,lip_stick,994301,21154
4,lip_stick,988314,21154
4,lip_stick,991399,21152
4,lip_stick,992321,21150
4,lip_stick,988072,21146
4,lip_stick,989833,21144
4,lip_stick,3420,21117
4,lip_stick,984326,21088
4,lip_stick,3651,20920
4,lip_stick,982248,20914
4,lip_stick,991400,20904
4,lip_stick,993754,20726
4,lip_stick,994040,20577
4,lip_stick,981323,20053
4,lip_stick,981650,19307
4,lip_stick,981289,18735
4,lip_stick,994039,18493
4,lip_stick,994383,18302
4,lip_stick,987845,18067
4,lip_stick,485509,17711
4,lip_stick,502012,16793
4,lip_stick,987775,16579
4,lip_stick,987022,16454
4,lip_stick,982034,13664
4,fragrance,987759,21165
4,fragrance,988682,21165
4,fragrance,1919,21165
4,fragrance,984102,21165
4,fragrance,990669,21165
4,fragrance,993190,21165
4,fragrance,984079,21165
4,fragrance,545522,21165
4,fragrance,1134,21165
4,fragrance,982203,21165
4,fragrance,956566,21165
4,fragrance,981707,21165
4,fragrance,6641,21165
4,fragrance,992621,21165
4,fragrance,981711,21164
4,fragrance,905033,21164
4,fragrance,987758,21164
4,fragrance,992846,21164
4,fragrance,983952,21164
4,fragrance,991468,21162
4,fragrance,992597,21162
4,fragrance,992765,21162
4,fragrance,987756,21159
4,fragrance,988426,21158
4,fragrance,991136,21154
4,fragrance,989603,21152
4,fragrance,982209,21150
4,fragrance,993329,21146
4,fragrance,982161,21142
4,fragrance,991062,21133
4,fragrance,969517,21124
4,fragrance,485504,21112
4,fragrance,3900,21096
4,fragrance,984078,21030
4,fragrance,990666,21021
4,fragrance,521059,20945
4,fragrance,987617,20893
4,fragrance,1841,20851
4,fragrance,985034,20810
4,fragrance,986709,20583
4,fragrance,991951,20247
4,fragrance,992598,19870
4,fragrance,962145,18491
4,fragrance,989764,16292
4,fragrance,983217,14344
4,fragrance,819154,13649
4,fragrance,988655,13275
4,fragrance,993187,11608
4,fragrance,993486,10361
4,fragrance,992748,10132
5,hot_sale,982849,17191
5,hot_sale,581624,17191
5,hot_sale,991402,17191
5,hot_sale,5802,17191
5,hot_sale,991408,17191
5,hot_sale,987984,17191
5,hot_sale,994200,17191
5,hot_sale,984197,17191
5,hot_sale,994629,17191
5,hot_sale,991416,17190
5,hot_sale,993862,17190
5,hot_sale,992829,17190
5,hot_sale,992261,17190
5,hot_sale,988682,17190
5,hot_sale,1134,17190
5,hot_sale,992859,17190
5,hot_sale,991695,17190
5,hot_sale,983952,17190
5,hot_sale,991880,17189
5,hot_sale,991392,17189
5,hot_sale,993958,17189
5,hot_sale,734529,17188
5,hot_sale,992832,17186
5,hot_sale,992846,17186
5,hot_sale,991742,17183
5,hot_sale,993704,17181
5,hot_sale,993335,17181
5,hot_sale,993646,17181
5,hot_sale,992598,17177
5,hot_sale,993750,17176
5,hot_sale,983885,17175
5,hot_sale,992863,17172
5,hot_sale,994161,17157
5,hot_sale,993484,17154
5,hot_sale,5801,17150
5,hot_sale,993330,17008
5,hot_sale,983253,16952
5,hot_sale,981645,16892
5,hot_sale,993954,16871
5,hot_sale,992850,16791
5,hot_sale,994060,16723
5,hot_sale,985929,16468
5,hot_sale,989695,16001
5,hot_sale,991898,15638
5,hot_sale,994199,15147
5,hot_sale,982223,10042
5,hot_sale,994307,9534
5,hot_sale,992600,8787
5,hot_sale,994059,8659
5,hot_sale,627008,8171
5,new_prod,994181,17191
5,new_prod,994095,17191
5,new_prod,994184,17191
5,new_prod,994182,17191
5,new_prod,994183,17191
5,new_prod,994185,17191
5,new_prod,994186,17191
5,new_prod,994100,17191
5,new_prod,982016,17191
5,new_prod,994076,17191
5,new_prod,994508,17191
5,new_prod,993969,17191
5,new_prod,994546,17191
5,new_prod,994547,17191
5,new_prod,994545,17191
5,new_prod,993968,17191
5,new_prod,994443,17191
5,new_prod,994442,17191
5,new_prod,994444,17191
5,new_prod,994654,17191
5,new_prod,993967,17191
5,new_prod,994653,17191
5,new_prod,994536,17191
5,new_prod,992634,17191
5,new_prod,994167,17191
5,new_prod,994166,17191
5,new_prod,994099,17191
5,new_prod,994316,17191
5,new_prod,994168,17191
5,new_prod,994170,17191
5,new_prod,994169,17191
5,new_prod,994165,17191
5,new_prod,994652,17191
5,new_prod,994354,17191
5,new_prod,994393,17191
5,new_prod,994392,17191
5,new_prod,952560,17191
5,new_prod,994163,17191
5,new_prod,993953,17191
5,serum,581624,17191
5,serum,985699,17191
5,serum,981965,17191
5,serum,983776,17191
5,serum,464002,17191
5,serum,991405,17191
5,serum,988081,17191
5,serum,938014,17191
5,serum,581625,17191
5,serum,896120,17191
5,serum,991392,17191
5,serum,982890,17191
5,serum,962387,17191
5,serum,994284,17191
5,serum,905075,17190
5,serum,988600,17190
5,serum,545524,17190
5,serum,985790,17190
5,serum,991154,17190
5,serum,985254,17190
5,serum,6624,17190
5,serum,986715,17190
5,serum,845550,17189
5,serum,992120,17189
5,serum,981987,17187
5,serum,105059,17187
5,serum,986905,17185
5,serum,884516,17185
5,serum,984369,17183
5,serum,989317,17183
5,serum,992942,17182
5,serum,989677,17182
5,serum,991183,17180
5,serum,988590,17179
5,serum,724131,17178
5,serum,981948,17177
5,serum,993036,17176
5,serum,962390,17172
5,serum,941502,17114
5,serum,985670,17105
5,serum,992901,16812
5,serum,991307,16483
5,serum,986300,16406
5,serum,991943,15882
5,serum,883019,15794
5,serum,991231,15041
5,serum,991599,14118
5,serum,952518,14028
5,serum,157502,13852
5,serum,211508,11181
5,facial_mask,992844,17191
5,facial_mask,5801,17191
5,facial_mask,5818,17191
5,facial_mask,549030,17191
5,facial_mask,986273,17191
5,facial_mask,986283,17191
5,facial_mask,357512,17191
5,facial_mask,3637,17191
5,facial_mask,959518,17191
5,facial_mask,983884,17191
5,facial_mask,985821,17191
5,facial_mask,521049,17191
5,facial_mask,830561,17191
5,facial_mask,987824,17190
5,facial_mask,5824,17190
5,facial_mask,984999,17190
5,facial_mask,991903,17190
5,facial_mask,979916,17190
5,facial_mask,988806,17190
5,facial_mask,971528,17190
5,facial_mask,905070,17190
5,facial_mask,975936,17190
5,facial_mask,990490,17190
5,facial_mask,984491,17190
5,facial_mask,986747,17190
5,facial_mask,985125,17190
5,facial_mask,988812,17190
5,facial_mask,905059,17190
5,facial_mask,316582,17190
5,facial_mask,990598,17190
5,facial_mask,878001,17189
5,facial_mask,639012,17189
5,facial_mask,988583,17189
5,facial_mask,982252,17188
5,facial_mask,381540,17188
5,facial_mask,293544,17187
5,facial_mask,992118,17187
5,facial_mask,990859,17186
5,facial_mask,155533,17186
5,facial_mask,982179,17176
5,facial_mask,719012,17165
5,facial_mask,986170,17140
5,facial_mask,991673,17136
5,facial_mask,982178,17119
5,facial_mask,845552,17007
5,facial_mask,991238,16866
5,facial_mask,988249,15408
5,facial_mask,7250,14662
5,facial_mask,983764,11282
5,facial_mask,986308,10828
5,lip_stick,994199,17191
5,lip_stick,994307,17191
5,lip_stick,983253,17191
5,lip_stick,981640,17191
5,lip_stick,983977,17191
5,lip_stick,983059,17191
5,lip_stick,6825,17190
5,lip_stick,988233,17190
5,lip_stick,741508,17190
5,lip_stick,983648,17190
5,lip_stick,993980,17189
5,lip_stick,983784,17189
5,lip_stick,988466,17189
5,lip_stick,778029,17187
5,lip_stick,989863,17187
5,lip_stick,982040,17184
5,lip_stick,991399,17180
5,lip_stick,991315,17179
5,lip_stick,988072,17178
5,lip_stick,989833,17178
5,lip_stick,983653,17176
5,lip_stick,985738,17175
5,lip_stick,994301,17174
5,lip_stick,983207,17174
5,lip_stick,981322,17145
5,lip_stick,354512,17144
5,lip_stick,956783,17136
5,lip_stick,985688,17128
5,lip_stick,988314,17125
5,lip_stick,991400,17097
5,lip_stick,992321,17051
5,lip_stick,984326,17021
5,lip_stick,981650,16949
5,lip_stick,993039,16946
5,lip_stick,990432,16917
5,lip_stick,994040,16895
5,lip_stick,993754,16665
5,lip_stick,3651,16552
5,lip_stick,3420,16107
5,lip_stick,994039,16026
5,lip_stick,502012,15207
5,lip_stick,982248,15192
5,lip_stick,987775,14911
5,lip_stick,987022,14026
5,lip_stick,981323,12367
5,lip_stick,987845,12016
5,lip_stick,994383,11523
5,lip_stick,223002,10728
5,lip_stick,905545,10397
5,lip_stick,982034,8135
5,fragrance,987759,17191
5,fragrance,1134,17191
5,fragrance,956566,17191
5,fragrance,984102,17191
5,fragrance,988682,17190
5,fragrance,990669,17190
5,fragrance,987758,17190
5,fragrance,1919,17189
5,fragrance,981711,17189
5,fragrance,905033,17189
5,fragrance,982203,17189
5,fragrance,984079,17188
5,fragrance,993190,17188
5,fragrance,6641,17188
5,fragrance,981707,17185
5,fragrance,991136,17183
5,fragrance,545522,17182
5,fragrance,991468,17179
5,fragrance,988426,17172
5,fragrance,969517,17172
5,fragrance,991062,17170
5,fragrance,992597,17160
5,fragrance,992621,17144
5,fragrance,987756,17144
5,fragrance,982161,17130
5,fragrance,982209,17125
5,fragrance,989603,17125
5,fragrance,992765,17114
5,fragrance,485504,17095
5,fragrance,987617,17005
5,fragrance,3900,16997
5,fragrance,985034,16958
5,fragrance,984078,16755
5,fragrance,991951,16699
5,fragrance,993329,16616
5,fragrance,989764,16603
5,fragrance,1841,16494
5,fragrance,983952,16433
5,fragrance,990666,16271
5,fragrance,992846,16095
5,fragrance,962145,14843
5,fragrance,819154,13306
5,fragrance,986709,13202
5,fragrance,521059,13201
5,fragrance,993187,13001
5,fragrance,993486,10830
5,fragrance,983217,10040
5,fragrance,991061,9902
5,fragrance,993735,9371
5,fragrance,992598,9192
6,hot_sale,991416,171478
6,hot_sale,982849,171478
6,hot_sale,581624,171478
6,hot_sale,993862,171478
6,hot_sale,991402,171478
6,hot_sale,5802,171478
6,hot_sale,992829,171478
6,hot_sale,994200,171478
6,hot_sale,987984,171478
6,hot_sale,991408,171478
6,hot_sale,992261,171478
6,hot_sale,991880,171478
6,hot_sale,988682,171478
6,hot_sale,1134,171478
6,hot_sale,984197,171478
6,hot_sale,991392,171477
6,hot_sale,991695,171477
6,hot_sale,983952,171476
6,hot_sale,991742,171475
6,hot_sale,992846,171475
6,hot_sale,993958,171475
6,hot_sale,992832,171474
6,hot_sale,992859,171474
6,hot_sale,993335,171474
6,hot_sale,994629,171473
6,hot_sale,993750,171472
6,hot_sale,983885,171470
6,hot_sale,734529,171469
6,hot_sale,993704,171469
6,hot_sale,993646,171466
6,hot_sale,992598,171463
6,hot_sale,992863,171456
6,hot_sale,993484,171447
6,hot_sale,994161,171445
6,hot_sale,5801,171419
6,hot_sale,983253,169451
6,hot_sale,992850,169051
6,hot_sale,994060,167704
6,hot_sale,981645,166927
6,hot_sale,993330,165506
6,hot_sale,993954,165442
6,hot_sale,989695,162822
6,hot_sale,991898,160702
6,hot_sale,985929,160444
6,hot_sale,994199,149079
6,hot_sale,994307,103638
6,hot_sale,994059,93446
6,hot_sale,992600,89084
6,hot_sale,993093,88871
6,hot_sale,993747,85486
6,new_prod,994181,171478
6,new_prod,994095,171478
6,new_prod,994184,171478
6,new_prod,994182,171478
6,new_prod,994100,171478
6,new_prod,982016,171478
6,new_prod,994183,171478
6,new_prod,994185,171478
6,new_prod,994186,171478
6,new_prod,994076,171478
6,new_prod,994508,171478
6,new_prod,994546,171478
6,new_prod,994547,171478
6,new_prod,994545,171478
6,new_prod,993969,171478
6,new_prod,994653,171478
6,new_prod,994536,171478
6,new_prod,994654,171478
6,new_prod,993967,171478
6,new_prod,994167,171478
6,new_prod,994166,171478
6,new_prod,992634,171478
6,new_prod,994443,171478
6,new_prod,994442,171478
6,new_prod,994444,171478
6,new_prod,993968,171478
6,new_prod,994099,171478
6,new_prod,994316,171478
6,new_prod,994652,171478
6,new_prod,994168,171478
6,new_prod,994169,171478
6,new_prod,994165,171478
6,new_prod,994354,171478
6,new_prod,994170,171478
6,new_prod,994163,171478
6,new_prod,994393,171478
6,new_prod,994392,171478
6,new_prod,952560,171478
6,new_prod,993953,171478
6,serum,581624,171478
6,serum,985699,171478
6,serum,981965,171478
6,serum,983776,171478
6,serum,464002,171478
6,serum,991405,171478
6,serum,988081,171478
6,serum,991392,171478
6,serum,938014,171478
6,serum,545524,171478
6,serum,988600,171478
6,serum,896120,171478
6,serum,982890,171478
6,serum,905075,171478
6,serum,581625,171478
6,serum,962387,171478
6,serum,985790,171478
6,serum,985254,171478
6,serum,991154,171478
6,serum,6624,171478
6,serum,986715,171478
6,serum,845550,171478
6,serum,981987,171478
6,serum,984369,171478
6,serum,105059,171478
6,serum,986905,171477
6,serum,884516,171475
6,serum,994284,171474
6,serum,992120,171474
6,serum,989317,171473
6,serum,988590,171464
6,serum,991183,171463
6,serum,989677,171462
6,serum,993036,171455
6,serum,724131,171454
6,serum,992942,171447
6,serum,962390,171410
6,serum,981948,171393
6,serum,941502,170615
6,serum,985670,169642
6,serum,992901,162286
6,serum,986300,161522
6,serum,991307,161226
6,serum,991599,159413
6,serum,991943,149537
6,serum,883019,139147
6,serum,952518,127201
6,serum,538217,123930
6,serum,157502,122684
6,serum,991231,122612
6,facial_mask,992844,171478
6,facial_mask,5801,171478
6,facial_mask,987824,171478
6,facial_mask,357512,171478
6,facial_mask,549030,171478
6,facial_mask,991903,171478
6,facial_mask,5824,171478
6,facial_mask,979916,171478
6,facial_mask,971528,171478
6,facial_mask,5818,171478
6,facial_mask,3637,171478
6,facial_mask,905070,171478
6,facial_mask,990490,171478
6,facial_mask,985821,171478
6,facial_mask,983884,171478
6,facial_mask,984491,171478
6,facial_mask,905059,171478
6,facial_mask,984999,171477
6,facial_mask,988806,171477
6,facial_mask,986273,171476
6,facial_mask,986747,171476
6,facial_mask,959518,171476
6,facial_mask,521049,171476
6,facial_mask,986283,171475
6,facial_mask,975936,171475
6,facial_mask,988812,171474
6,facial_mask,830561,171474
6,facial_mask,985125,171473
6,facial_mask,316582,171473
6,facial_mask,878001,171472
6,facial_mask,990598,171469
6,facial_mask,293544,171467
6,facial_mask,639012,171466
6,facial_mask,982252,171463
6,facial_mask,381540,171461
6,facial_mask,990859,171461
6,facial_mask,988583,171459
6,facial_mask,155533,171457
6,facial_mask,992118,171445
6,facial_mask,982179,171430
6,facial_mask,719012,171409
6,facial_mask,986170,171349
6,facial_mask,991673,171267
6,facial_mask,982178,170604
6,facial_mask,845552,167572
6,facial_mask,991238,161196
6,facial_mask,988249,154182
6,facial_mask,7250,143836
6,facial_mask,983764,131343
6,facial_mask,986308,81068
6,lip_stick,994199,171478
6,lip_stick,983253,171478
6,lip_stick,993980,171478
6,lip_stick,981640,171478
6,lip_stick,994307,171478
6,lip_stick,983977,171478
6,lip_stick,983059,171478
6,lip_stick,6825,171477
6,lip_stick,988233,171477
6,lip_stick,988466,171476
6,lip_stick,778029,171476
6,lip_stick,983784,171476
6,lip_stick,991315,171474
6,lip_stick,981322,171472
6,lip_stick,741508,171471
6,lip_stick,994301,171471
6,lip_stick,983207,171470
6,lip_stick,983648,171470
6,lip_stick,989863,171468
6,lip_stick,982040,171468
6,lip_stick,988072,171443
6,lip_stick,983653,171440
6,lip_stick,989833,171425
6,lip_stick,988314,171376
6,lip_stick,354512,171328
6,lip_stick,991399,171283
6,lip_stick,985738,171135
6,lip_stick,990432,171056
6,lip_stick,956783,170615
6,lip_stick,985688,170184
6,lip_stick,992321,170155
6,lip_stick,993039,169765
6,lip_stick,991400,169648
6,lip_stick,994040,169187
6,lip_stick,984326,169161
6,lip_stick,993754,167283
6,lip_stick,981650,166958
6,lip_stick,3651,162306
6,lip_stick,3420,159605
6,lip_stick,994039,158121
6,lip_stick,981323,154361
6,lip_stick,982248,148192
6,lip_stick,987775,130385
6,lip_stick,502012,119146
6,lip_stick,987845,117102
6,lip_stick,223002,108496
6,lip_stick,994383,106398
6,lip_stick,981289,102288
6,lip_stick,485509,91679
6,lip_stick,987022,85993
6,fragrance,988682,171478
6,fragrance,987759,171478
6,fragrance,1919,171478
6,fragrance,990669,171478
6,fragrance,993190,171478
6,fragrance,984102,171478
6,fragrance,981711,171477
6,fragrance,981707,171477
6,fragrance,6641,171477
6,fragrance,984079,171477
6,fragrance,905033,171476
6,fragrance,956566,171476
6,fragrance,992621,171476
6,fragrance,982203,171475
6,fragrance,1134,171475
6,fragrance,987758,171475
6,fragrance,545522,171473
6,fragrance,992597,171462
6,fragrance,991468,171459
6,fragrance,991136,171456
6,fragrance,988426,171451
6,fragrance,987756,171449
6,fragrance,992765,171431
6,fragrance,982209,171401
6,fragrance,991062,171399
6,fragrance,969517,171379
6,fragrance,3900,171330
6,fragrance,985034,170857
6,fragrance,989603,170818
6,fragrance,982161,170734
6,fragrance,993329,170553
6,fragrance,987617,169704
6,fragrance,485504,169605
6,fragrance,991951,169531
6,fragrance,983952,168909
6,fragrance,992846,168004
6,fragrance,984078,162784
6,fragrance,990666,162607
6,fragrance,962145,162110
6,fragrance,1841,161575
6,fragrance,993187,146007
6,fragrance,993486,139685
6,fragrance,986709,139381
6,fragrance,521059,135436
6,fragrance,819154,121133
6,fragrance,989764,119422
6,fragrance,993735,110762
6,fragrance,991061,106728
6,fragrance,992598,98899
6,fragrance,983217,87696
